Used_Car_Name,Price,KM_Driven,Overview,Specification,location
2022 Mercedes-Benz GLE 300d BSVI,"₹85 Lakh
Compare","22,000 kms   •   Diesel   •   Automatic","Registration Year
Oct 2022, Insurance
Comprehensive, Fuel Type
Diesel, Seats
5 Seats, Kms Driven
22,000 Kms, RTO
Jind, Ownership
First Owner, Engine Displacement
1950 cc, Transmission
Automatic, Year of Manufacture
2022, 360 Degree Camera, Memory Function For Seats, Adjustable Headrest, Engine
1950 cc, Power
241.38 bhp, Transmission
Automatic, Top Speed
225 kmph, Drive Type
AWD, Fuel
Diesel, Used cars in Jaipur in 68 Lakh to 102 Lakh, Used Diesel SUV cars in Jaipur, Used SUV cars in Jaipur, Used Mercedes-Benz cars in Jaipur, 2022 model & newer Mercedes-Benz cars","Engine
1950 cc, Power
241.38 bhp, Transmission
Automatic, Top Speed
225 kmph, Drive Type
AWD, Fuel
Diesel",ajmer
2012 Mahindra XUV500 W8 2WD,"₹4.99 Lakh
Compare","1,06,000 kms   •   Diesel   •   Manual","Registration Year
Dec 2012, Insurance
Expired, Fuel Type
Diesel, Seats
7 Seats, Kms Driven
1,06,000 Kms, RTO
Jaipur, Ownership
Second Owner, Engine Displacement
2179 cc, Transmission
Manual, Year of Manufacture
2012","Engine
2179 cc, Power
140 bhp, Seating Capacity
7, Drive Type
FWD, Mileage
15.1 kmpl, Fuel
Diesel",ajmer
2020 Hyundai Aura S Diesel,"₹5.80 Lakh
Compare","53,000 kms   •   Diesel   •   Manual","Registration Year
Nov 2020, Insurance
Expired, Fuel Type
Diesel, Seats
5 Seats, Kms Driven
53,000 Kms, RTO
Jodhpur, Ownership
Second Owner, Engine Displacement
1186 cc, Transmission
Manual, Year of Manufacture
2020, Used cars in Ajmer in 5 Lakh to 7 Lakh, Used Diesel Sedan cars in Ajmer, Used Sedan cars in Ajmer, Used Hyundai cars in Ajmer, 2020 model & newer Hyundai cars","Engine
1186 cc, Power
73.97 bhp, Transmission
Manual, Mileage
25.35 kmpl, Fuel
Diesel, No. of Airbags
2",ajmer
2016 Maruti Baleno 1.2 Delta,"₹4.70 Lakh
Compare","73,000 kms   •   Petrol   •   Manual","Registration Year
Feb 2016, Insurance
Comprehensive, Fuel Type
Petrol, Seats
5 Seats, Kms Driven
73,000 Kms, RTO
Jaipur, Ownership
First Owner, Engine Displacement
1197 cc, Transmission
Manual, Year of Manufacture
2016","Engine
1197 cc, Power
83.1 bhp, Transmission
Manual, Mileage
21.4 kmpl, Fuel
Petrol, Length
3995mm",ajmer
2018 Audi Q7 45 TDI Quattro Technology,"₹46 Lakh
Compare","94,000 kms   •   Diesel   •   Automatic","Registration Year
Mar 2018, Insurance
Comprehensive, Fuel Type
Diesel, Seats
7 Seats, Kms Driven
94,000 Kms, RTO
Jaipur, Ownership
Second Owner, Engine Displacement
2967 cc, Transmission
Automatic, Year of Manufacture
2018","Engine
2967 cc, Ground Clearance
205 mm, Power
245 bhp, Seating Capacity
7, Drive Type
AWD, Mileage
14.75 kmpl",ajmer
2017 Maruti Swift Dzire VDI,"₹6 Lakh
Compare","70,000 kms   •   Diesel   •   Manual","Registration Year
Mar 2017, Insurance
Comprehensive, Fuel Type
Diesel, Seats
5 Seats, Kms Driven
70,000 Kms, RTO
beawar, Ownership
First Owner, Engine Displacement
1248 cc, Transmission
Manual, Year of Manufacture
2017","Engine
1248 cc, Power
74 bhp, Transmission
Manual, Mileage
26.59 kmpl, Fuel
Diesel",ajmer
2017 Maruti Ertiga SHVS VDI,"₹7.50 Lakh
Compare","90,000 kms   •   Diesel   •   Manual","Registration Year
Jan 2017, Insurance
Comprehensive, Fuel Type
Diesel, Seats
7 Seats, Kms Driven
90,000 Kms, RTO
Kishangarh, Ownership
First Owner, Engine Displacement
1248 cc, Transmission
Manual, Year of Manufacture
2017","Engine
1248 cc, Power
88.5 bhp, Mileage
24.52 kmpl, Seating Capacity
7, Transmission
Manual, Fuel
Diesel",ajmer
2017 Renault KWID Climber 1.0 MT,"₹2.90 Lakh
Compare","55,000 kms   •   Petrol   •   Manual","Registration Year
May 2017, Insurance
Expired, Fuel Type
Petrol, Seats
5 Seats, Kms Driven
55,000 Kms, RTO
Jaipur, Ownership
Second Owner, Engine Displacement
999 cc, Transmission
Manual, Year of Manufacture
2017","Engine
999 cc, Power
67 bhp, Transmission
Manual, Mileage
23.01 kmpl, Fuel
Petrol, No. of Airbags
1",ajmer
2021 Mercedes-Benz A-Class Limousine A 200d,"₹35 Lakh
Compare","47,000 kms   •   Diesel   •   Automatic","Registration Year
Nov 2021, Insurance
Comprehensive, Fuel Type
Diesel, Seats
5 Seats, Kms Driven
47,000 Kms, RTO
bharatpur, Ownership
First Owner, Engine Displacement
1950 cc, Transmission
Automatic, Year of Manufacture
2021","Engine
1950 cc, Power
160.92 bhp, Transmission
Automatic, Top Speed
230 kmph, Drive Type
FWD, Fuel
Diesel, Seating Capacity
5, Global NCAP Safety Rating
5 Star",ajmer
2016 Honda Jazz 1.2 VX i VTEC,"₹4.21 Lakh
Compare","95,000 kms   •   Petrol   •   Manual","Registration Year
Mar 2016, Insurance
Expired, Fuel Type
Petrol, Seats
5 Seats, Kms Driven
95,000 Kms, RTO
Alwar, Ownership
First Owner, Engine Displacement
1199 cc, Transmission
Manual, Year of Manufacture
2016","Engine
1199 cc, Power
88.7 bhp, Transmission
Manual, Mileage
18.7 kmpl, Fuel
Petrol, Length
3955mm",ajmer
2016 Hyundai Tucson 2.0 e-VGT 2WD AT GLS,"₹13.51 Lakh
Compare","88,000 kms   •   Diesel   •   Automatic","Registration Year
Mar 2017, Insurance
Comprehensive, Fuel Type
Diesel, Seats
5 Seats, Kms Driven
88,000 Kms, RTO
beawar, Ownership
Second Owner, Engine Displacement
1995 cc, Transmission
Automatic, Year of Manufacture
2016","Engine
1995 cc, Ground Clearance
195mm, Power
183 bhp, Seating Capacity
5, Drive Type
2WD, Mileage
16.38 kmpl",ajmer
2016 Maruti Ertiga SHVS VDI,"₹7.10 Lakh
Compare","80,000 kms   •   Diesel   •   Manual","Registration Year
Apr 2016, Insurance
Expired, Fuel Type
Diesel, Seats
7 Seats, Kms Driven
80,000 Kms, RTO
Kishangarh, Ownership
First Owner, Engine Displacement
1248 cc, Transmission
Manual, Year of Manufacture
2016","Engine
1248 cc, Power
88.5 bhp, Mileage
24.52 kmpl, Seating Capacity
7, Transmission
Manual, Fuel
Diesel",ajmer
2018 Mercedes-Benz GLE 350d,"₹47 Lakh
Compare","50,000 kms   •   Diesel   •   Automatic","Registration Year
Oct 2019, Insurance
Comprehensive, Fuel Type
Diesel, Seats
5 Seats, Kms Driven
50,000 Kms, RTO
New Delhi, Ownership
First Owner, Engine Displacement
2987 cc, Transmission
Automatic, Year of Manufacture
2018","Engine
2987 cc, Power
254.79 bhp, Transmission
Automatic, Top Speed
225 kmph, Drive Type
AWD, Fuel
Diesel",ajmer
2014 Hyundai i20 Sportz 1.4 CRDi,"₹4.20 Lakh
Compare","72,000 kms   •   Diesel   •   Manual","Registration Year
Aug 2014, Insurance
Expired, Fuel Type
Diesel, Seats
5 Seats, Kms Driven
72,000 Kms, RTO
Alwar, Ownership
First Owner, Engine Displacement
1396 cc, Transmission
Manual, Year of Manufacture
2014","Engine
1396 cc, Power
88.73 bhp, Transmission
Manual, Mileage
22.54 kmpl, Fuel
Diesel, Length
3985mm",ajmer
2014 Ford Ecosport 1.5 DV5 MT Trend,"₹4.25 Lakh
Compare","76,000 kms   •   Diesel   •   Manual","Registration Year
Jan 2015, Insurance
Expired, Fuel Type
Diesel, Seats
5 Seats, Kms Driven
76,000 Kms, RTO
Kishangarh, Ownership
First Owner, Engine Displacement
1498 cc, Transmission
Manual, Year of Manufacture
2014","Engine
1498 cc, Ground Clearance
200mm, Power
89.84 bhp, Transmission
Manual, Drive Type
FWD, Mileage
22.7 kmpl",ajmer
2018 Maruti Celerio X ZXI BSIV,"₹4.50 Lakh
Compare","47,000 kms   •   Petrol   •   Manual","Registration Year
Oct 2018, Insurance
Expired, Fuel Type
Petrol, Seats
5 Seats, Kms Driven
47,000 Kms, RTO
Jaipur, Ownership
First Owner, Engine Displacement
998 cc, Transmission
Manual, Year of Manufacture
2018","Engine
998 cc, Power
67 bhp, Transmission
Manual, Mileage
21.63 kmpl, Fuel
Petrol, No. of Airbags
1",ajmer
2022 Mercedes-Benz GLC 200,"₹56 Lakh
Compare","21,000 kms   •   Petrol   •   Automatic","Registration Year
Aug 2022, Insurance
Comprehensive, Fuel Type
Petrol, Seats
5 Seats, Kms Driven
21,000 Kms, RTO
HR98, Ownership
First Owner, Engine Displacement
1991 cc, Transmission
Automatic, Year of Manufacture
2022","Engine
1991 cc, Power
197 bhp, Transmission
Automatic, Top Speed
217 kmph, Drive Type
AWD, Fuel
Petrol",ajmer
2021 Maruti Alto 800 VXI Plus BSVI,"₹3.60 Lakh
Compare","54,000 kms   •   Petrol   •   Manual","Registration Year
Jun 2021, Insurance
Third Party, Fuel Type
Petrol, Seats
5 Seats, Kms Driven
54,000 Kms, RTO
Nagaur, Ownership
First Owner, Engine Displacement
796 cc, Transmission
Manual, Year of Manufacture
2021, Used cars in Ajmer in 3 Lakh to 5 Lakh, Used Petrol Hatchback cars in Ajmer, Used Hatchback cars in Ajmer, Used Maruti cars in Ajmer, 2021 model & newer Maruti cars","Engine
796 cc, Power
47.33 bhp, Transmission
Manual, Mileage
22.05 kmpl, Fuel
Petrol, No. of Airbags
2",ajmer
2013 Hyundai i20 Asta 1.4 CRDi,"₹3.70 Lakh
Compare","85,000 kms   •   Diesel   •   Manual","Registration Year
Jul 2013, Insurance
Third Party, Fuel Type
Diesel, Seats
5 Seats, Kms Driven
85,000 Kms, RTO
Jaipur, Ownership
Second Owner, Engine Displacement
1396 cc, Transmission
Manual, Year of Manufacture
2013","Engine
1396 cc, Power
88.76 bhp, Transmission
Manual, Mileage
21.27 kmpl, Fuel
Diesel, Length
3995mm",ajmer
2014 Hyundai Grand i10 CRDi Magna,"₹3.70 Lakh
Compare","85,000 kms   •   Diesel   •   Manual","Registration Year
Feb 2015, Insurance
Expired, Fuel Type
Diesel, Seats
5 Seats, Kms Driven
85,000 Kms, RTO
Ajmer, Ownership
Second Owner, Engine Displacement
1120 cc, Transmission
Manual, Year of Manufacture
2014","Engine
1120 cc, Power
70 bhp, Transmission
Manual, Mileage
24 kmpl, Fuel
Diesel, Length
3765mm",ajmer
2021 Mercedes-Benz GLA 200 BSVI,"₹36 Lakh
Compare","17,000 kms   •   Petrol   •   Automatic","Registration Year
Dec 2021, Insurance
Comprehensive, Fuel Type
Petrol, Seats
5 Seats, Kms Driven
17,000 Kms, RTO
Bikaner, Ownership
First Owner, Engine Displacement
1332 cc, Transmission
Automatic, Year of Manufacture
2021","Engine
1332 cc, Power
160.92 bhp, Transmission
Automatic, Top Speed
210 kmph, Drive Type
FWD, Fuel
Petrol, Seating Capacity
5",ajmer
2018 Maruti Baleno 1.2 Delta,"₹5.50 Lakh
Compare","25,000 kms   •   Petrol   •   Manual","Registration Year
Sept 2018, Insurance
Expired, Fuel Type
Petrol, Seats
5 Seats, Kms Driven
25,000 Kms, RTO
Ajmer, Ownership
Second Owner, Engine Displacement
1197 cc, Transmission
Manual, Year of Manufacture
2018","Engine
1197 cc, Power
83.1 bhp, Transmission
Manual, Mileage
21.4 kmpl, Fuel
Petrol, Length
3995mm",ajmer
2017 Maruti Celerio ZXI AMT BSIV,"₹4.45 Lakh
Compare","40,000 kms   •   Petrol   •   Automatic","Registration Year
Sept 2017, Insurance
Comprehensive, Fuel Type
Petrol, Seats
5 Seats, Kms Driven
40,000 Kms, RTO
Jaipur, Ownership
First Owner, Engine Displacement
998 cc, Transmission
Automatic, Year of Manufacture
2017, Keyless Entry, Central Locking, Air Conditioner, Digital Odometer, Bluetooth Connectivity, Steering Mounted Controls, Engine
998 cc, Power
67.04 bhp, Transmission
Automatic, Mileage
23.1 kmpl, Fuel
Petrol, No. of Airbags
1, Used cars in Ajmer in 4 Lakh to 6 Lakh, Used Petrol Hatchback cars in Ajmer, Used Hatchback cars in Ajmer, Used Maruti cars in Ajmer, 2017 model & newer Maruti cars","Engine
998 cc, Power
67.04 bhp, Transmission
Automatic, Mileage
23.1 kmpl, Fuel
Petrol, No. of Airbags
1",ajmer
2015 Maruti S Cross DDiS 200 Alpha,"₹4.50 Lakh
Compare","84,000 kms   •   Diesel   •   Manual","Registration Year
Oct 2015, Insurance
Comprehensive, Fuel Type
Diesel, Seats
5 Seats, Kms Driven
84,000 Kms, RTO
New Delhi, Ownership
First Owner, Engine Displacement
1248 cc, Transmission
Manual, Year of Manufacture
2015","Engine
1248 cc, Ground Clearance
180mm, Power
88.5 bhp, Transmission
Manual, Drive Type
FWD, Mileage
23.65 kmpl",ajmer
2022 Jeep Compass Model S DCT BSVI,"₹22 Lakh
Compare","21,000 kms   •   Petrol   •   Automatic","Registration Year
Dec 2022, Insurance
Comprehensive, Fuel Type
Petrol, Seats
5 Seats, Kms Driven
21,000 Kms, RTO
Jaipur, Ownership
First Owner, Engine Displacement
1368 cc, Transmission
Automatic, Year of Manufacture
2022","Engine
1368 cc, Power
160.77 bhp, Seating Capacity
5, Drive Type
4x2, Mileage
14.1 kmpl, Fuel
Petrol",ajmer
2019 Toyota Glanza V,"₹5.70 Lakh
Compare","54,000 kms   •   Petrol   •   Manual","Registration Year
Oct 2019, Insurance
Expired, Fuel Type
Petrol, Seats
5 Seats, Kms Driven
54,000 Kms, RTO
didwana, Ownership
First Owner, Engine Displacement
1197 cc, Transmission
Manual, Year of Manufacture
2019","Engine
1197 cc, Power
81.80 bhp, Transmission
Manual, Mileage
21.01 kmpl, Fuel
Petrol, No. of Airbags
2",ajmer
2015 Hyundai i10 Magna 1.1L,"₹3.35 Lakh
Compare","37,000 kms   •   Petrol   •   Manual","Registration Year
May 2015, Insurance
Comprehensive, Fuel Type
Petrol, Seats
5 Seats, Kms Driven
37,000 Kms, RTO
Jaipur, Ownership
First Owner, Engine Displacement
1086 cc, Transmission
Manual, Year of Manufacture
2015","Engine
1086 cc, Power
68.05 bhp, Transmission
Manual, Mileage
19.81 kmpl, Fuel
Petrol, Length
3585mm",ajmer
2014 Audi Q3 2.0 TDI,"₹9.49 Lakh
Compare","68,000 kms   •   Diesel   •   Automatic","Registration Year
Dec 2014, Insurance
Expired, Fuel Type
Diesel, Seats
5 Seats, Kms Driven
68,000 Kms, RTO
New Delhi, Ownership
First Owner, Engine Displacement
1968 cc, Transmission
Automatic, Year of Manufacture
2014","Engine
1968 cc, Ground Clearance
170mm, Power
174.33 bhp, Seating Capacity
5, Drive Type
AWD, Mileage
15.73 kmpl",ajmer
2018 Volvo V90 Cross Country D5 Inscription BSIV,"₹36 Lakh
Compare","70,000 kms   •   Diesel   •   Automatic","Registration Year
Apr 2019, Insurance
Comprehensive, Fuel Type
Diesel, Seats
5 Seats, Kms Driven
70,000 Kms, RTO
Jaipur, Ownership
First Owner, Engine Displacement
1969 cc, Transmission
Automatic, Year of Manufacture
2018","Engine
1969 cc, Power
235 bhp, Transmission
Automatic, Top Speed
230 kmph, Drive Type
AWD, Fuel
Diesel",ajmer
2016 Maruti Swift VDI BSIV,"₹4.80 Lakh
Compare","67,000 kms   •   Diesel   •   Manual","Registration Year
Jul 2016, Insurance
Comprehensive, Fuel Type
Diesel, Seats
5 Seats, Kms Driven
67,000 Kms, RTO
Udaipur, Ownership
First Owner, Engine Displacement
1248 cc, Transmission
Manual, Year of Manufacture
2016","Engine
1248 cc, Power
74 bhp, Transmission
Manual, Mileage
25.2 kmpl, Fuel
Diesel, Length
3840mm",ajmer
2017 Maruti Ertiga SHVS VDI,"₹7.70 Lakh
Compare","74,000 kms   •   Diesel   •   Manual","Registration Year
Dec 2017, Insurance
Expired, Fuel Type
Diesel, Seats
7 Seats, Kms Driven
74,000 Kms, RTO
Kishangarh, Ownership
First Owner, Engine Displacement
1248 cc, Transmission
Manual, Year of Manufacture
2017","Engine
1248 cc, Power
88.5 bhp, Mileage
24.52 kmpl, Seating Capacity
7, Transmission
Manual, Fuel
Diesel",ajmer
2017 Maruti Swift Dzire VDI,"₹6.30 Lakh
Compare","58,000 kms   •   Diesel   •   Manual","Registration Year
Feb 2017, Insurance
Comprehensive, Fuel Type
Diesel, Seats
5 Seats, Kms Driven
58,000 Kms, RTO
Kota, Ownership
First Owner, Engine Displacement
1248 cc, Transmission
Manual, Year of Manufacture
2017","Engine
1248 cc, Power
74 bhp, Transmission
Manual, Mileage
26.59 kmpl, Fuel
Diesel",ajmer
2017 Honda City i DTec V,"₹5.80 Lakh
Compare","91,000 kms   •   Diesel   •   Manual","Registration Year
Feb 2018, Insurance
Comprehensive, Fuel Type
Diesel, Seats
5 Seats, Kms Driven
91,000 Kms, RTO
Bikaner, Ownership
Second Owner, Engine Displacement
1498 cc, Transmission
Manual, Year of Manufacture
2017","Engine
1498 cc, Power
98.6 bhp, Transmission
Manual, Mileage
26 kmpl, Fuel
Diesel",ajmer
2017 Maruti Vitara Brezza VDi,"₹7.35 Lakh
Compare","70,000 kms   •   Diesel   •   Manual","Registration Year
Mar 2017, Insurance
Comprehensive, Fuel Type
Diesel, Seats
5 Seats, Kms Driven
70,000 Kms, RTO
Ajmer, Ownership
First Owner, Engine Displacement
1248 cc, Transmission
Manual, Year of Manufacture
2017","Engine
1248 cc, Ground Clearance
198mm, Power
88.5 bhp, Transmission
Manual, Drive Type
FWD, Mileage
24.3 kmpl",ajmer
2019 Maruti Vitara Brezza ZDi,"₹8.25 Lakh
Compare","64,000 kms   •   Diesel   •   Manual","Registration Year
Apr 2019, Insurance
Comprehensive, Fuel Type
Diesel, Seats
5 Seats, Kms Driven
64,000 Kms, RTO
barmer, Ownership
First Owner, Engine Displacement
1248 cc, Transmission
Manual, Year of Manufacture
2019","Engine
1248 cc, Ground Clearance
198mm, Power
88.5 bhp, Transmission
Manual, Drive Type
FWD, Mileage
24.3 kmpl",ajmer
2014 Ford Ecosport 1.5 DV5 MT Trend,"₹4.35 Lakh
Compare","1,25,000 kms   •   Diesel   •   Manual","Registration Year
Dec 2014, Insurance
Comprehensive, Fuel Type
Diesel, Seats
5 Seats, Kms Driven
1,25,000 Kms, RTO
Ajmer, Ownership
First Owner, Engine Displacement
1498 cc, Transmission
Manual, Year of Manufacture
2014","Engine
1498 cc, Ground Clearance
200mm, Power
89.84 bhp, Transmission
Manual, Drive Type
FWD, Mileage
22.7 kmpl",ajmer
2013 Renault Duster 85PS Diesel RxL Option,"₹3.50 Lakh
Compare","1,42,000 kms   •   Diesel   •   Manual","Registration Year
Dec 2013, Insurance
Comprehensive, Fuel Type
Diesel, Seats
5 Seats, Kms Driven
1,42,000 Kms, RTO
Ajmer, Ownership
Second Owner, Engine Displacement
1461 cc, Transmission
Manual, Year of Manufacture
2013","Engine
1461 cc, Ground Clearance
205mm, Power
83.8 bhp, Transmission
Manual, Drive Type
FWD, Mileage
19.87 kmpl",ajmer
2016 Maruti Ciaz VDI SHVS,"₹5.25 Lakh
Compare","68,000 kms   •   Diesel   •   Manual","Registration Year
Jul 2016, Insurance
Expired, Fuel Type
Diesel, Seats
5 Seats, Kms Driven
68,000 Kms, RTO
Kishangarh, Ownership
First Owner, Engine Displacement
1248 cc, Transmission
Manual, Year of Manufacture
2016","Engine
1248 cc, Power
88.5 bhp, Transmission
Manual, Mileage
28.09 kmpl, Fuel
Diesel",ajmer
2018 Maruti Vitara Brezza ZDi Plus,"₹7.85 Lakh
Compare","72,000 kms   •   Diesel   •   Manual","Registration Year
Apr 2018, Insurance
Expired, Fuel Type
Diesel, Seats
5 Seats, Kms Driven
72,000 Kms, RTO
Jaipur, Ownership
Second Owner, Engine Displacement
1248 cc, Transmission
Manual, Year of Manufacture
2018","Engine
1248 cc, Ground Clearance
198mm, Power
88.5 bhp, Transmission
Manual, Drive Type
FWD, Mileage
24.3 kmpl",ajmer
2017 Maruti Vitara Brezza ZDi,"₹7.25 Lakh
Compare","78,000 kms   •   Diesel   •   Manual","Registration Year
Sept 2017, Insurance
Expired, Fuel Type
Diesel, Seats
5 Seats, Kms Driven
78,000 Kms, RTO
Pali, Ownership
First Owner, Engine Displacement
1248 cc, Transmission
Manual, Year of Manufacture
2017","Engine
1248 cc, Ground Clearance
198mm, Power
88.5 bhp, Transmission
Manual, Drive Type
FWD, Mileage
24.3 kmpl",ajmer
2017 Hyundai i20 Sportz 1.4 CRDi,"₹5.35 Lakh
Compare","83,000 kms   •   Diesel   •   Manual","Registration Year
Nov 2017, Insurance
Expired, Fuel Type
Diesel, Seats
5 Seats, Kms Driven
83,000 Kms, RTO
beawar, Ownership
Second Owner, Engine Displacement
1396 cc, Transmission
Manual, Year of Manufacture
2017","Engine
1396 cc, Power
88.73 bhp, Transmission
Manual, Mileage
22.54 kmpl, Fuel
Diesel, Length
3985mm",ajmer
2019 Maruti Alto 800 VXI BSVI,"₹3.85 Lakh
Compare","73,000 kms   •   Petrol   •   Manual","Registration Year
Nov 2019, Insurance
Expired, Fuel Type
Petrol, Seats
5 Seats, Kms Driven
73,000 Kms, RTO
Alwar, Ownership
First Owner, Engine Displacement
796 cc, Transmission
Manual, Year of Manufacture
2019","Engine
796 cc, Power
47.33 bhp, Transmission
Manual, Mileage
22.05 kmpl, Fuel
Petrol, No. of Airbags
2",ajmer
2017 Hyundai Grand i10 1.2 CRDi Sportz Option,"₹4.70 Lakh
Compare","85,000 kms   •   Diesel   •   Manual","Registration Year
Jun 2018, Insurance
Comprehensive, Fuel Type
Diesel, Seats
5 Seats, Kms Driven
85,000 Kms, RTO
beawar, Ownership
First Owner, Engine Displacement
1186 cc, Transmission
Manual, Year of Manufacture
2017","Engine
1186 cc, Power
73.97 bhp, Transmission
Manual, Mileage
24 kmpl, Fuel
Diesel, Length
3765mm",ajmer
2017 Maruti Swift VDI BSIV,"₹6.25 Lakh
Compare","58,000 kms   •   Diesel   •   Manual","Registration Year
Feb 2017, Insurance
Comprehensive, Fuel Type
Diesel, Seats
5 Seats, Kms Driven
58,000 Kms, RTO
Kishangarh, Ownership
First Owner, Engine Displacement
1248 cc, Transmission
Manual, Year of Manufacture
2017","Engine
1248 cc, Power
74 bhp, Transmission
Manual, Mileage
25.2 kmpl, Fuel
Diesel, Length
3840mm",ajmer
2019 Mahindra TUV 300 T10 BSIV,"₹7.20 Lakh
Compare","82,000 kms   •   Diesel   •   Manual","Registration Year
Feb 2019, Insurance
Expired, Fuel Type
Diesel, Seats
7 Seats, Kms Driven
82,000 Kms, RTO
beawar, Ownership
First Owner, Engine Displacement
1493 cc, Transmission
Manual, Year of Manufacture
2019","Engine
1493 cc, Ground Clearance
184mm, Power
100 bhp, Transmission
Manual, Drive Type
RWD, Mileage
18.49 kmpl",ajmer
2013 Toyota Etios GD,"₹4.21 Lakh
Compare","81,000 kms   •   Diesel   •   Manual","Registration Year
Mar 2013, Insurance
Comprehensive, Fuel Type
Diesel, Seats
5 Seats, Kms Driven
81,000 Kms, RTO
Jaipur, Ownership
Second Owner, Engine Displacement
1364 cc, Transmission
Manual, Year of Manufacture
2013","Engine
1364 cc, Power
67.04 bhp, Transmission
Manual, Mileage
23.59 kmpl, Fuel
Diesel",ajmer
2014 Hyundai Verna 1.6 SX CRDi (O),"₹4.90 Lakh
Compare","1,10,000 kms   •   Diesel   •   Manual","Registration Year
Aug 2014, Insurance
Comprehensive, Fuel Type
Diesel, Seats
5 Seats, Kms Driven
1,10,000 Kms, RTO
Jaipur, Ownership
Second Owner, Engine Displacement
1582 cc, Transmission
Manual, Year of Manufacture
2014","Engine
1582 cc, Power
126.32 bhp, Transmission
Manual, Mileage
22.32 kmpl, Fuel
Diesel",ajmer
2019 Tata Nexon 1.2 Revotron XM,"₹6.50 Lakh
Compare","55,000 kms   •   Petrol   •   Manual","Registration Year
Mar 2020, Insurance
Comprehensive, Fuel Type
Petrol, Seats
5 Seats, Kms Driven
55,000 Kms, RTO
Dholpur, Ownership
First Owner, Engine Displacement
1198 cc, Transmission
Manual, Year of Manufacture
2019","Engine
1198 cc, Power
108.5 bhp, Transmission
Manual, Drive Type
FWD, Mileage
17 kmpl, Fuel
Petrol",ajmer
2013 Ford Figo Petrol EXI,"₹2.70 Lakh
Compare","51,233 kms   •   Petrol   •   Manual","Registration Year
Feb 2013, Insurance
Comprehensive, Fuel Type
Petrol, Seats
5 Seats, Kms Driven
51,233 Kms, RTO
Jaipur, Ownership
First Owner, Engine Displacement
1196 cc, Transmission
Manual, Year of Manufacture
2013","Engine
1196 cc, Power
70.02 bhp, Transmission
Manual, Mileage
15.6 kmpl, Fuel
Petrol, Length
3795mm",ajmer
2012 Volkswagen Polo Diesel Trendline 1.2L,"₹2.85 Lakh
Compare","74,000 kms   •   Diesel   •   Manual","Registration Year
Oct 2012, Insurance
Third Party, Fuel Type
Diesel, Seats
5 Seats, Kms Driven
74,000 Kms, RTO
Jaipur, Ownership
Second Owner, Engine Displacement
1199 cc, Transmission
Manual, Year of Manufacture
2012","Engine
1199 cc, Power
73.9 bhp, Transmission
Manual, Mileage
22.07 kmpl, Fuel
Diesel, Length
3970mm",ajmer
2018 Hyundai Grand i10 1.2 Kappa Sportz BSIV,"₹4.85 Lakh
Compare","48,000 kms   •   Petrol   •   Manual","Registration Year
May 2018, Insurance
Comprehensive, Fuel Type
Petrol, Seats
5 Seats, Kms Driven
48,000 Kms, RTO
Jaipur, Ownership
First Owner, Engine Displacement
1197 cc, Transmission
Manual, Year of Manufacture
2018","Engine
1197 cc, Power
81.86 bhp, Transmission
Manual, Mileage
18.9 kmpl, Fuel
Petrol, No. of Airbags
2",ajmer
2012 Nissan Sunny Diesel XL,"₹2.50 Lakh
Compare","83,000 kms   •   Diesel   •   Manual","Registration Year
Oct 2013, Insurance
Expired, Fuel Type
Diesel, Seats
5 Seats, Kms Driven
83,000 Kms, RTO
Jodhpur, Ownership
First Owner, Engine Displacement
1461 cc, Transmission
Manual, Year of Manufacture
2012","Engine
1461 cc, Power
84.8 bhp, Transmission
Manual, Mileage
21.64 kmpl, Fuel
Diesel",ajmer
2014 Nissan Terrano XV 110 PS,"₹3.50 Lakh
Compare","85,000 kms   •   Diesel   •   Manual","Registration Year
Nov 2014, Insurance
Comprehensive, Fuel Type
Diesel, Seats
5 Seats, Kms Driven
85,000 Kms, RTO
Ajmer, Ownership
Second Owner, Engine Displacement
1461 cc, Transmission
Manual, Year of Manufacture
2014","Engine
1461 cc, Ground Clearance
205mm, Power
108.5 bhp, Seating Capacity
5, Drive Type
FWD, Mileage
19.01 kmpl",ajmer
2018 Hyundai Creta 1.4 CRDi S,"₹9.21 Lakh
Compare","85,000 kms   •   Diesel   •   Manual","Registration Year
Mar 2018, Insurance
Comprehensive, Fuel Type
Diesel, Seats
5 Seats, Kms Driven
85,000 Kms, RTO
Jaipur, Ownership
First Owner, Engine Displacement
1396 cc, Transmission
Manual, Year of Manufacture
2018","Engine
1396 cc, Ground Clearance
190mm, Power
88.7 bhp, Transmission
Manual, Drive Type
FWD, Mileage
21.38 kmpl",ajmer
2015 Hyundai Grand i10 Sportz,"₹3.85 Lakh
Compare","60,000 kms   •   Petrol   •   Manual","Registration Year
Feb 2016, Insurance
Comprehensive, Fuel Type
Petrol, Seats
5 Seats, Kms Driven
60,000 Kms, RTO
Bikaner, Ownership
Second Owner, Engine Displacement
1197 cc, Transmission
Manual, Year of Manufacture
2015","Engine
1197 cc, Power
82 bhp, Transmission
Manual, Mileage
18.9 kmpl, Fuel
Petrol, Length
3765mm",ajmer
2017 Hyundai Grand i10 CRDi Sportz,"₹4 Lakh
Compare","87,000 kms   •   Diesel   •   Manual","Registration Year
Nov 2017, Insurance
Expired, Fuel Type
Diesel, Seats
5 Seats, Kms Driven
87,000 Kms, RTO
New Delhi, Ownership
First Owner, Engine Displacement
1120 cc, Transmission
Manual, Year of Manufacture
2017","Engine
1120 cc, Power
70 bhp, Transmission
Manual, Mileage
24 kmpl, Fuel
Diesel, Length
3765mm",ajmer
2017 Hyundai Grand i10 Sportz,"₹4.75 Lakh
Compare","39,000 kms   •   Petrol   •   Manual","Registration Year
Jul 2017, Insurance
Expired, Fuel Type
Petrol, Seats
5 Seats, Kms Driven
39,000 Kms, RTO
Jaipur, Ownership
First Owner, Engine Displacement
1197 cc, Transmission
Manual, Year of Manufacture
2017, Used cars in Ajmer in 4 Lakh to 6 Lakh, Used Petrol Hatchback cars in Ajmer, Used Hatchback cars in Ajmer, Used Hyundai cars in Ajmer, 2017 model & newer Hyundai cars","Engine
1197 cc, Power
82 bhp, Transmission
Manual, Mileage
18.9 kmpl, Fuel
Petrol, Length
3765mm",ajmer
2017 Maruti Wagon R AMT VXI,"₹3.95 Lakh
Compare","34,000 kms   •   Petrol   •   Automatic","Registration Year
May 2017, Insurance
Comprehensive, Fuel Type
Petrol, Seats
5 Seats, Kms Driven
34,000 Kms, RTO
Ajmer, Ownership
First Owner, Engine Displacement
998 cc, Transmission
Automatic, Year of Manufacture
2017","Engine
998 cc, Power
67 bhp, Transmission
Automatic, Mileage
20.51 kmpl, Fuel
Petrol, Length
3599mm",ajmer
2018 Maruti Swift VXI,"₹5.11 Lakh
Compare","57,000 kms   •   Petrol   •   Manual","Registration Year
Feb 2018, Insurance
Comprehensive, Fuel Type
Petrol, Seats
5 Seats, Kms Driven
57,000 Kms, RTO
Jaipur, Ownership
First Owner, Engine Displacement
1197 cc, Transmission
Manual, Year of Manufacture
2018","Engine
1197 cc, Power
81.80 bhp, Transmission
Manual, Mileage
21.21 kmpl, Fuel
Petrol, No. of Airbags
2",ajmer
2022 Maruti Alto 800 VXI BSVI,"₹4.30 Lakh
Compare","36,000 kms   •   Petrol   •   Manual","Registration Year
Feb 2022, Insurance
Comprehensive, Fuel Type
Petrol, Seats
5 Seats, Kms Driven
36,000 Kms, RTO
269, Ownership
First Owner, Engine Displacement
796 cc, Transmission
Manual, Year of Manufacture
2022","Engine
796 cc, Power
47.33 bhp, Transmission
Manual, Mileage
22.05 kmpl, Fuel
Petrol, No. of Airbags
2",ajmer
2020 Tata Tiago XT BSVI,"₹4.70 Lakh
Compare","44,000 kms   •   Petrol   •   Manual","Registration Year
Nov 2020, Insurance
Comprehensive, Fuel Type
Petrol, Seats
5 Seats, Kms Driven
44,000 Kms, RTO
Jodhpur, Ownership
First Owner, Engine Displacement
1199 cc, Transmission
Manual, Year of Manufacture
2020","Engine
1199 cc, Power
84.82 bhp, Transmission
Manual, Mileage
19.01 kmpl, Fuel
Petrol, No. of Airbags
2",ajmer
2014 Hyundai i10 Sportz,"₹2.80 Lakh
Compare","75,000 kms   •   Petrol   •   Manual","Registration Year
Jan 2015, Insurance
Comprehensive, Fuel Type
Petrol, Seats
5 Seats, Kms Driven
75,000 Kms, RTO
Jaipur, Ownership
First Owner, Engine Displacement
1197 cc, Transmission
Manual, Year of Manufacture
2014","Engine
1197 cc, Power
78.9 bhp, Transmission
Manual, Mileage
20.36 kmpl, Fuel
Petrol, Length
3585mm",ajmer
2017 Maruti Omni E MPI STD BSIV,"₹2.80 Lakh
Compare","46,000 kms   •   Petrol   •   Manual","Registration Year
Apr 2017, Insurance
Expired, Fuel Type
Petrol, Seats
8 Seats, Kms Driven
46,000 Kms, RTO
269, Ownership
Second Owner, Engine Displacement
796 cc, Transmission
Manual, Year of Manufacture
2017","Engine
796 cc, Power
34.2 bhp, Transmission
Manual, Mileage
16.8 kmpl, Fuel
Petrol, Seating Capacity
5",ajmer
2016 Hyundai i20 Asta 1.4 CRDi,"₹5 Lakh
Compare","1,60,000 kms   •   Diesel   •   Manual","Registration Year
2016, Insurance
Expired, Fuel Type
Diesel, Seats
5 Seats, Kms Driven
1,60,000 Kms, Ownership
First Owner, Engine Displacement
1396 cc, Transmission
Manual, Year of Manufacture
2016","Engine
1396 cc, Power
88.73 bhp, Transmission
Manual, Mileage
22.54 kmpl, Fuel
Diesel, Length
3985mm",ajmer
2010 Honda City 1.5 S MT,"₹1.50 Lakh
Compare","80,000 kms   •   Petrol   •   Manual","Registration Year
2010, Insurance
Expired, Fuel Type
Petrol, Seats
5 Seats, Kms Driven
80,000 Kms, RTO
Jaipur, Ownership
Third Owner, Engine Displacement
1497 cc, Transmission
Manual, Year of Manufacture
2010","Engine
1497 cc, Transmission
Manual, Mileage
17 kmpl, Fuel
Petrol",ajmer
2010 Tata Indica Aqua 1.4 TDI,"₹1.11 Lakh
Compare","73,000 kms   •   Diesel   •   Manual","Registration Year
2010, Insurance
Expired, Fuel Type
Diesel, Seats
5 Seats, Kms Driven
73,000 Kms, RTO
Ajmer, Ownership
First Owner, Engine Displacement
1405 cc, Transmission
Manual, Year of Manufacture
2010","Engine
1405 cc, Transmission
Manual, Mileage
17 kmpl, Fuel
Diesel, Length
3795 mm",ajmer
2018 Renault KWID 1.0 RXL,"₹2.80 Lakh
Compare","40,000 kms   •   Petrol   •   Manual","Registration Year
2018, Insurance
Expired, Fuel Type
Petrol, Seats
5 Seats, Kms Driven
40,000 Kms, RTO
Jaipur, Ownership
Third Owner, Engine Displacement
999 cc, Transmission
Manual, Year of Manufacture
2018","Engine
999 cc, Power
67 bhp, Transmission
Manual, Mileage
23.01 kmpl, Fuel
Petrol, Length
3679mm",ajmer
2018 Honda Jazz 1.2 S i VTEC,"₹3 Lakh
Compare","60,000 kms   •   Petrol   •   Manual","Registration Year
2018, Insurance
Expired, Fuel Type
Petrol, Seats
5 Seats, Kms Driven
60,000 Kms, RTO
Ajmer, Ownership
First Owner, Engine Displacement
1199 cc, Transmission
Manual, Year of Manufacture
2018","Engine
1199 cc, Power
88.7 bhp, Transmission
Manual, Mileage
18.7 kmpl, Fuel
Petrol, Length
3955mm",ajmer
2018 Maruti Swift AMT VDI,"₹5.15 Lakh
Compare","1,20,000 kms   •   Diesel   •   Automatic","Registration Year
2018, Insurance
Expired, Fuel Type
Diesel, Seats
5 Seats, Kms Driven
1,20,000 Kms, RTO
Ajmer, Ownership
First Owner, Engine Displacement
1248 cc, Transmission
Automatic, Year of Manufacture
2018","Engine
1248 cc, Power
74 bhp, Transmission
Automatic, Mileage
28.4 kmpl, Fuel
Diesel, No. of Airbags
2",ajmer
2019 Maruti Baleno Zeta CVT,"₹5.80 Lakh
Compare","20,000 kms   •   Petrol   •   Automatic","Registration Year
2019, Insurance
Expired, Fuel Type
Petrol, Seats
5 Seats, Kms Driven
20,000 Kms, RTO
Ajmer, Ownership
Second Owner, Engine Displacement
1197 cc, Transmission
Automatic, Year of Manufacture
2019","Engine
1197 cc, Power
81.80 bhp, Transmission
Automatic, Mileage
19.56 kmpl, Fuel
Petrol, No. of Airbags
2",ajmer
2016 Datsun GO T BSIV,"₹1.60 Lakh
Compare","40,000 kms   •   Petrol   •   Manual","Registration Year
2016, Insurance
Expired, Fuel Type
Petrol, Seats
5 Seats, Kms Driven
40,000 Kms, RTO
Ajmer, Ownership
First Owner, Engine Displacement
1198 cc, Transmission
Manual, Year of Manufacture
2016","Engine
1198 cc, Power
67 bhp, Transmission
Manual, Mileage
20.63 kmpl, Fuel
Petrol, Length
3785mm",ajmer
2021 Maruti Swift VXI,"₹5.55 Lakh
Compare","60,000 kms   •   Petrol   •   Manual","Registration Year
2021, Insurance
Expired, Fuel Type
Petrol, Seats
5 Seats, Kms Driven
60,000 Kms, RTO
Jhunjhunu, Ownership
Second Owner, Engine Displacement
1197 cc, Transmission
Manual, Year of Manufacture
2021","Engine
1197 cc, Power
81.80 bhp, Transmission
Manual, Mileage
21.21 kmpl, Fuel
Petrol, No. of Airbags
2",ajmer
2015 Ford Ecosport 1.5 TDCi Titanium BSIV,"₹4.70 Lakh
Compare","50,000 kms   •   Diesel   •   Manual","Registration Year
2015, Insurance
Expired, Fuel Type
Diesel, Seats
5 Seats, Kms Driven
50,000 Kms, RTO
Ajmer, Ownership
Third Owner, Engine Displacement
1498 cc, Transmission
Manual, Year of Manufacture
2015","Engine
1197 cc, Power
81.80 bhp, Transmission
Manual, Mileage
21.21 kmpl, Fuel
Petrol, No. of Airbags
2",ajmer
2012 Chevrolet Captiva Captiva XTREME,"₹2.25 Lakh
Compare","1,00,000 kms   •   Diesel   •   Manual","Registration Year
2012, Insurance
Expired, Fuel Type
Diesel, Seats
7 Seats, Kms Driven
1,00,000 Kms, RTO
New Delhi, Ownership
Second Owner, Engine Displacement
1991 cc, Transmission
Manual, Year of Manufacture
2012","Engine
1991 cc, Ground Clearance
197mm, Seating Capacity
7, Mileage
11.5 kmpl, Fuel
Diesel, Ground Clearance
197mm",ajmer
2014 Hyundai i20 Magna,"₹3.45 Lakh
Compare","50,000 kms   •   Petrol   •   Manual","Registration Year
2014, Insurance
Expired, Fuel Type
Petrol, Seats
5 Seats, Kms Driven
50,000 Kms, RTO
Jaipur, Ownership
Second Owner, Engine Displacement
1197 cc, Transmission
Manual, Year of Manufacture
2014","Engine
1197 cc, Power
82.85 bhp, Transmission
Manual, Mileage
18.5 kmpl, Fuel
Petrol, Length
3995mm",ajmer
2009 Maruti Swift 1.3 VXi,"₹55,000
Compare","1,00,000 kms   •   Petrol   •   Manual","Registration Year
2009, Insurance
Expired, Fuel Type
Petrol, Seats
5 Seats, Kms Driven
1,00,000 Kms, Ownership
Fourth Owner, Engine Displacement
1298 cc, Transmission
Manual, Year of Manufacture
2009","Engine
1197 cc, Power
82.85 bhp, Transmission
Manual, Mileage
18.5 kmpl, Fuel
Petrol, Length
3995mm",ajmer
2009 Maruti Swift 1.3 VXi,"₹60,000
Compare","1,00,000 kms   •   Petrol   •   Manual","Registration Year
2009, Insurance
Expired, Fuel Type
Petrol, Seats
5 Seats, Kms Driven
1,00,000 Kms, RTO
New Delhi, Ownership
Fourth Owner, Engine Displacement
1298 cc, Transmission
Manual, Year of Manufacture
2009","Engine
1298 cc, Transmission
Manual, Mileage
16.1 kmpl, Fuel
Petrol, Length
3760mm",ajmer
2022 Kia Sonet 1.5 HTX Plus Diesel DT,"₹11 Lakh
Compare","50,000 kms   •   Diesel   •   Manual","Registration Year
2022, Insurance
Expired, Fuel Type
Diesel, Seats
5 Seats, Kms Driven
50,000 Kms, RTO
Ajmer, Ownership
First Owner, Engine Displacement
1493 cc, Transmission
Manual, Year of Manufacture
2022","Engine
1493 cc, Power
98.63 bhp, Seating Capacity
5, Drive Type
FWD, Fuel
Diesel, No. of Airbags
2",ajmer
2018 Tata Hexa XE,"₹6.50 Lakh
Compare","1,60,000 kms   •   Diesel   •   Manual","Registration Year
2018, Insurance
Expired, Fuel Type
Diesel, Seats
7 Seats, Kms Driven
1,60,000 Kms, RTO
Jaipur, Ownership
First Owner, Engine Displacement
2179 cc, Transmission
Manual, Year of Manufacture
2018","Engine
2179 cc, Power
147.94 bhp, Seating Capacity
7, Transmission
Manual, Fuel
Diesel, No. of Airbags
2",ajmer
2013 Nissan Sunny XV,"₹2.69 Lakh
Compare","1,20,000 kms   •   Petrol   •   Manual","Registration Year
2013, Insurance
Expired, Fuel Type
Petrol, Seats
5 Seats, Kms Driven
1,20,000 Kms, RTO
Ajmer, Ownership
First Owner, Engine Displacement
1498 cc, Transmission
Manual, Year of Manufacture
2013","Engine
1498 cc, Power
97.7 bhp, Transmission
Manual, Mileage
16.95 kmpl, Fuel
Petrol",ajmer
2018 Tata Tiago 1.2 Revotron XZ,"₹3.50 Lakh
Compare","1,20,000 kms   •   Petrol   •   Manual","Registration Year
2018, Insurance
Expired, Fuel Type
Petrol, Seats
5 Seats, Kms Driven
1,20,000 Kms, Ownership
First Owner, Engine Displacement
1199 cc, Transmission
Manual, Year of Manufacture
2018","Engine
1199 cc, Power
84 bhp, Transmission
Manual, Mileage
23.84 kmpl, Fuel
Petrol, Length
3746mm",ajmer
2015 Mercedes-Benz GLA Class 200 CDI SPORT,"₹16.75 Lakh
Compare","1,22,000 kms   •   Diesel   •   Automatic","Registration Year
Apr 2015, Insurance
Comprehensive, Fuel Type
Diesel, Seats
5 Seats, Kms Driven
1,22,000 Kms, RTO
Jaipur, Ownership
Second Owner, Engine Displacement
2143 cc, Transmission
Automatic, Year of Manufacture
2015","Engine
2143 cc, Power
136 bhp, Transmission
Automatic, Top Speed
205 kmph, Drive Type
AWD, Fuel
Diesel, Seating Capacity
5",ajmer
2014 Audi A3 35 TDI Attraction,"₹13.50 Lakh
Compare","70,000 kms   •   Diesel   •   Automatic","Registration Year
Jan 2015, Insurance
Comprehensive, Fuel Type
Diesel, Seats
5 Seats, Kms Driven
70,000 Kms, RTO
Jaipur, Ownership
First Owner, Engine Displacement
1968 cc, Transmission
Automatic, Year of Manufacture
2014","Engine
2143 cc, Power
136 bhp, Transmission
Automatic, Top Speed
205 kmph, Drive Type
AWD, Fuel
Diesel, Seating Capacity
5",ajmer
2009 Mercedes-Benz C-Class 220 CDI AT,"₹6.95 Lakh
Compare","72,266 kms   •   Diesel   •   Automatic","Registration Year
Aug 2009, Insurance
Third Party, Fuel Type
Diesel, Seats
5 Seats, Kms Driven
72,266 Kms, RTO
Jaipur, Ownership
First Owner, Engine Displacement
2143 cc, Transmission
Automatic, Year of Manufacture
2009","Engine
2143 cc, Power
170 bhp, Transmission
Automatic, Top Speed
228km/hr kmph, Drive Type
RWD, Fuel
Diesel, Seating Capacity
5",ajmer
2019 Toyota Innova Crysta 2.4 G Plus MT BSIV,"₹14.95 Lakh
Compare","1,48,219 kms   •   Diesel   •   Manual","Registration Year
Jan 2019, Insurance
Comprehensive, Fuel Type
Diesel, Seats
7 Seats, Kms Driven
1,48,219 Kms, RTO
Jaipur, Ownership
First Owner, Engine Displacement
2393 cc, Transmission
Manual, Year of Manufacture
2019","Engine
2393 cc, Power
147.8 bhp, Seating Capacity
7, Transmission
Manual, Fuel
Diesel, No. of Airbags
3",ajmer
2015 Honda Brio S MT,"₹3.65 Lakh
Compare","45,000 kms   •   Petrol   •   Manual","Registration Year
Dec 2015, Insurance
Comprehensive, Fuel Type
Petrol, Seats
5 Seats, Kms Driven
45,000 Kms, RTO
Jaipur, Ownership
First Owner, Engine Displacement
1198 cc, Transmission
Manual, Year of Manufacture
2015","Engine
1198 cc, Power
86.8 bhp, Transmission
Manual, Mileage
19.4 kmpl, Fuel
Petrol, Length
3610mm",ajmer
2014 Jaguar XJ 3.0L Portfolio,"₹29 Lakh
Compare","67,000 kms   •   Diesel   •   Automatic","Registration Year
Nov 2014, Insurance
Expired, Fuel Type
Diesel, Seats
4 Seats, Kms Driven
67,000 Kms, RTO
Jaipur, Ownership
First Owner, Engine Displacement
2993 cc, Transmission
Automatic, Year of Manufacture
2014","Engine
2993 cc, Power
271.23 bhp, Transmission
Automatic, Top Speed
250km/hr kmph, Fuel
Diesel",ajmer
2016 Jaguar XF 2.2 Litre Executive,"₹19.90 Lakh
Compare","83,000 kms   •   Diesel   •   Automatic","Registration Year
Feb 2016, Insurance
Expired, Fuel Type
Diesel, Seats
5 Seats, Kms Driven
83,000 Kms, RTO
Jaipur, Ownership
Second Owner, Engine Displacement
2179 cc, Transmission
Automatic, Year of Manufacture
2016","Engine
2179 cc, Power
187.7 bhp, Transmission
Automatic, Top Speed
225 kmph, Drive Type
RWD, Fuel
Diesel, Seating Capacity
5",ajmer
2021 MG Hector Plus Select Diesel MT 7 STR,"₹16 Lakh
Compare","85,000 kms   •   Diesel   •   Manual","Registration Year
Feb 2021, Insurance
Comprehensive, Fuel Type
Diesel, Seats
7 Seats, Kms Driven
85,000 Kms, RTO
beawar, Ownership
First Owner, Engine Displacement
1956 cc, Transmission
Manual, Year of Manufacture
2021","Engine
1956 cc, Power
167.67 bhp, Seating Capacity
6, Mileage
16.56 kmpl, Fuel
Diesel, No. of Airbags
4",ajmer
2019 Audi A6 35 TDI,"₹28.50 Lakh
Compare","1,13,000 kms   •   Diesel   •   Automatic","Registration Year
Mar 2019, Insurance
Comprehensive, Fuel Type
Diesel, Seats
5 Seats, Kms Driven
1,13,000 Kms, RTO
Jaipur, Ownership
First Owner, Engine Displacement
1968 cc, Transmission
Automatic, Year of Manufacture
2019","Engine
1968 cc, Power
187.74 bhp, Transmission
Automatic, Mileage
18.53 kmpl, Fuel
Diesel",ajmer
2017 Audi Q3 30 TDI,"₹18.90 Lakh
Compare","79,000 kms   •   Diesel   •   Manual","Registration Year
Apr 2017, Insurance
Expired, Fuel Type
Diesel, Seats
5 Seats, Kms Driven
79,000 Kms, RTO
Jaipur, Ownership
Second Owner, Engine Displacement
1968 cc, Transmission
Manual, Year of Manufacture
2017","Engine
1968 cc, Power
138.13 bhp, Transmission
Manual, Top Speed
202 kmph, Drive Type
FWD, Fuel
Diesel, Seating Capacity
5",ajmer
2014 BMW 5 Series 520d Luxury Line,"₹21.50 Lakh
Compare","37,000 kms   •   Diesel   •   Automatic","Registration Year
Aug 2014, Insurance
Comprehensive, Fuel Type
Diesel, Seats
5 Seats, Kms Driven
37,000 Kms, RTO
Jaipur, Ownership
Second Owner, Engine Displacement
1995 cc, Transmission
Automatic, Year of Manufacture
2014","Engine
1995 cc, Power
190 bhp, Transmission
Automatic, Top Speed
231 kmph, Drive Type
RWD, Fuel
Diesel",ajmer
2013 Audi A4 2.0 TDI,"₹13 Lakh
Compare","54,000 kms   •   Diesel   •   Automatic","Registration Year
Nov 2013, Insurance
Comprehensive, Fuel Type
Diesel, Seats
5 Seats, Kms Driven
54,000 Kms, RTO
Gurgaon, Ownership
Second Owner, Engine Displacement
1968 cc, Transmission
Automatic, Year of Manufacture
2013","Engine
1968 cc, Power
147.51 bhp, Transmission
Automatic, Mileage
16.55 kmpl, Fuel
Diesel",ajmer
2015 Jaguar XF 2.2 Litre Luxury,"₹19.90 Lakh
Compare","56,000 kms   •   Diesel   •   Automatic","Registration Year
Nov 2015, Insurance
Comprehensive, Fuel Type
Diesel, Seats
5 Seats, Kms Driven
56,000 Kms, RTO
Ajmer, Ownership
First Owner, Engine Displacement
2179 cc, Transmission
Automatic, Year of Manufacture
2015","Engine
1968 cc, Power
147.51 bhp, Transmission
Automatic, Mileage
16.55 kmpl, Fuel
Diesel",ajmer
2014 Mini Cooper D,"₹18.50 Lakh
Compare","77,000 kms   •   Diesel   •   Automatic","Registration Year
Nov 2014, Insurance
Comprehensive, Fuel Type
Diesel, Seats
5 Seats, Kms Driven
77,000 Kms, RTO
Jaipur, Ownership
First Owner, Engine Displacement
1998 cc, Transmission
Automatic, Year of Manufacture
2014","Engine
1998 cc, Power
112 bhp, Transmission
Automatic, Mileage
23.8 kmpl, Fuel
Diesel, Length
4097mm",ajmer
2014 BMW X5 xDrive 30d,"₹22.50 Lakh
Compare","80,000 kms   •   Diesel   •   Automatic","Registration Year
May 2014, Insurance
Comprehensive, Fuel Type
Diesel, Seats
5 Seats, Kms Driven
80,000 Kms, RTO
Ajmer, Ownership
First Owner, Engine Displacement
2993 cc, Transmission
Automatic, Year of Manufacture
2014","Engine
1998 cc, Power
112 bhp, Transmission
Automatic, Mileage
23.8 kmpl, Fuel
Diesel, Length
4097mm",ajmer
2022 Hyundai Grand i10 Nios Sportz,"₹6.21 Lakh
Compare","51,236 kms   •   Petrol   •   Manual","Registration Year
May 2022, Insurance
Comprehensive, Fuel Type
Petrol, Seats
5 Seats, Kms Driven
51,236 Kms, RTO
Jodhpur, Ownership
First Owner, Engine Displacement
1197 cc, Transmission
Manual, Year of Manufacture
2022","Engine
1197 cc, Power
81.86 bhp, Transmission
Manual, Mileage
20.7 kmpl, Fuel
Petrol, No. of Airbags
2",ajmer
2021 BMW 3 Series 330i M Sport,"₹45 Lakh
Compare","15,000 kms   •   Petrol   •   Automatic","Registration Year
Sept 2021, Insurance
Comprehensive, Fuel Type
Petrol, Seats
5 Seats, Kms Driven
15,000 Kms, RTO
Udaipur, Ownership
First Owner, Engine Displacement
1998 cc, Transmission
Automatic, Year of Manufacture
2021","Engine
1998 cc, Power
254.79 bhp, Transmission
Automatic, Top Speed
250 kmph, Drive Type
RWD, Fuel
Petrol",ajmer
2017 Audi Q3 35 TDI Quattro Premium,"₹25 Lakh
Compare","64,000 kms   •   Diesel   •   Automatic","Registration Year
Jun 2018, Insurance
Comprehensive, Fuel Type
Diesel, Seats
5 Seats, Kms Driven
64,000 Kms, RTO
Alwar, Ownership
First Owner, Engine Displacement
1968 cc, Transmission
Automatic, Year of Manufacture
2017","Engine
1968 cc, Power
174.33 bhp, Transmission
Automatic, Top Speed
212 kmph, Drive Type
AWD, Fuel
Diesel, Seating Capacity
5",ajmer
2016 Audi A3 35 TDI Premium,"₹15.65 Lakh
Compare","42,000 kms   •   Diesel   •   Automatic","Registration Year
Mar 2016, Insurance
Comprehensive, Fuel Type
Diesel, Seats
5 Seats, Kms Driven
42,000 Kms, RTO
Ajmer, Ownership
First Owner, Engine Displacement
1968 cc, Transmission
Automatic, Year of Manufacture
2016","Engine
1968 cc, Power
143 bhp, Transmission
Automatic, Mileage
20.38 kmpl, Fuel
Diesel",ajmer
2016 Toyota Innova Crysta 2.8 ZX AT BSIV,"₹15.95 Lakh
Compare","85,000 kms   •   Diesel   •   Automatic","Registration Year
Oct 2016, Insurance
Comprehensive, Fuel Type
Diesel, Seats
7 Seats, Kms Driven
85,000 Kms, RTO
kotputli, Ownership
First Owner, Engine Displacement
2755 cc, Transmission
Automatic, Year of Manufacture
2016","Engine
2755 cc, Power
171.5 bhp, Seating Capacity
7, Transmission
Automatic, Fuel
Diesel, No. of Airbags
7",ajmer
2017 Skoda Rapid 1.5 TDI Style BSIV,"₹6.51 Lakh
Compare","1,28,000 kms   •   Diesel   •   Manual","Registration Year
Dec 2017, Insurance
Comprehensive, Fuel Type
Diesel, Seats
5 Seats, Kms Driven
1,28,000 Kms, RTO
Jodhpur, Ownership
Second Owner, Engine Displacement
1498 cc, Transmission
Manual, Year of Manufacture
2017","Engine
1498 cc, Power
108.6 bhp, Transmission
Manual, Mileage
21.13 kmpl, Fuel
Diesel, No. of Airbags
4",ajmer
2007 Force Trax Cruiser Classic BSIII,"₹13.50 Lakh
Compare","28,000 kms   •   Diesel   •   Manual","Registration Year
Jun 2007, Insurance
Third Party, Fuel Type
Diesel, Seats
13 Seats, Kms Driven
28,000 Kms, RTO
Bhilwara, Ownership
Second Owner, Engine Displacement
2569 cc, Transmission
Manual, Year of Manufacture
2007","Engine
2569 cc, Mileage
17 kmpl, Seating Capacity
13, Transmission
Manual, Fuel
Diesel",ajmer
2018 BMW 3 Series 320d GT Luxury Line,"₹34 Lakh
Compare","60,000 kms   •   Diesel   •   Automatic","Registration Year
Oct 2018, Insurance
Comprehensive, Fuel Type
Diesel, Seats
5 Seats, Kms Driven
60,000 Kms, RTO
Bhilwara, Ownership
First Owner, Engine Displacement
1995 cc, Transmission
Automatic, Year of Manufacture
2018","Engine
1995 cc, Power
187.74 bhp, Transmission
Automatic, Top Speed
226 kmph, Drive Type
RWD, Fuel
Diesel, Seating Capacity
5",ajmer
2023 Audi A6 45 TFSI Technology WO Matrix BSVI,"₹57 Lakh
Compare","17,000 kms   •   Petrol   •   Automatic","Registration Year
Oct 2023, Insurance
Comprehensive, Fuel Type
Petrol, Seats
5 Seats, Kms Driven
17,000 Kms, RTO
Jaipur, Ownership
First Owner, Engine Displacement
1984 cc, Transmission
Automatic, Year of Manufacture
2023","Engine
1984 cc, Power
241.3 bhp, Transmission
Automatic, Mileage
14.11 kmpl, Fuel
Petrol, No. of Airbags
6",ajmer
2015 BMW 3 Series 320d Luxury Line,"₹21.50 Lakh
Compare","70,000 kms   •   Diesel   •   Automatic","Registration Year
Nov 2015, Insurance
Comprehensive, Fuel Type
Diesel, Seats
5 Seats, Kms Driven
70,000 Kms, RTO
Jaipur, Ownership
First Owner, Engine Displacement
1995 cc, Transmission
Automatic, Year of Manufacture
2015","Engine
1995 cc, Power
190 bhp, Transmission
Automatic, Top Speed
230 kmph, Drive Type
RWD, Fuel
Diesel, Seating Capacity
5",ajmer
2018 Hyundai Creta 1.4 E Plus CRDi,"₹9.50 Lakh
Compare","90,000 kms   •   Diesel   •   Manual","Registration Year
Jan 2019, Insurance
Comprehensive, Fuel Type
Diesel, Seats
5 Seats, Kms Driven
90,000 Kms, RTO
Jodhpur, Ownership
First Owner, Engine Displacement
1396 cc, Transmission
Manual, Year of Manufacture
2018","Engine
1396 cc, Power
88.7 bhp, Transmission
Manual, Drive Type
FWD, Mileage
22.1 kmpl, Fuel
Diesel",ajmer
2016 Hyundai Verna 1.6 CRDi S,"₹6.50 Lakh
Compare","93,000 kms   •   Diesel   •   Manual","Registration Year
Jul 2016, Insurance
Expired, Fuel Type
Diesel, Seats
5 Seats, Kms Driven
93,000 Kms, RTO
Jaipur, Ownership
First Owner, Engine Displacement
1582 cc, Transmission
Manual, Year of Manufacture
2016","Engine
1582 cc, Power
126.2 bhp, Transmission
Manual, Mileage
23.9 kmpl, Fuel
Diesel",ajmer
2015 Toyota Fortuner 4x4 MT,"₹16.50 Lakh
Compare","1,13,000 kms   •   Diesel   •   Manual","Registration Year
Apr 2015, Insurance
Comprehensive, Fuel Type
Diesel, Seats
7 Seats, Kms Driven
1,13,000 Kms, RTO
Jaipur, Ownership
Second Owner, Engine Displacement
2982 cc, Transmission
Manual, Year of Manufacture
2015","Engine
2982 cc, Ground Clearance
220mm, Power
168.5 bhp, Seating Capacity
7, Drive Type
4WD, Mileage
12.55 kmpl",ajmer
2015 Skoda Rapid 1.6 MPI Ambition,"₹3.81 Lakh
Compare","96,325 kms   •   Petrol   •   Manual","Registration Year
Nov 2015, Insurance
Comprehensive, Fuel Type
Petrol, Seats
5 Seats, Kms Driven
96,325 Kms, RTO
Jaipur, Ownership
Second Owner, Engine Displacement
1598 cc, Transmission
Manual, Year of Manufacture
2015","Engine
1598 cc, Power
103.52 bhp, Transmission
Manual, Mileage
15 kmpl, Fuel
Petrol",ajmer
2017 Maruti Alto 800 VXI,"₹3.20 Lakh
Compare","51,200 kms   •   Petrol   •   Manual","Registration Year
May 2017, Insurance
Expired, Fuel Type
Petrol, Seats
5 Seats, Kms Driven
51,200 Kms, RTO
barmer, Ownership
Second Owner, Engine Displacement
796 cc, Transmission
Manual, Year of Manufacture
2017","Engine
796 cc, Power
47.3 bhp, Transmission
Manual, Mileage
24.7 kmpl, Fuel
Petrol, Length
3430mm",ajmer
2019 Maruti Alto 800 VXI BSVI,"₹3.71 Lakh
Compare","44,235 kms   •   Petrol   •   Manual","Registration Year
Aug 2019, Insurance
Comprehensive, Fuel Type
Petrol, Seats
5 Seats, Kms Driven
44,235 Kms, RTO
Kota, Ownership
Second Owner, Engine Displacement
796 cc, Transmission
Manual, Year of Manufacture
2019","Engine
796 cc, Power
47.33 bhp, Transmission
Manual, Mileage
22.05 kmpl, Fuel
Petrol, No. of Airbags
2",ajmer
2015 Hyundai Verna 1.6 CRDi S,"₹4.50 Lakh
Compare","72,365 kms   •   Diesel   •   Manual","Registration Year
Jul 2015, Insurance
Expired, Fuel Type
Diesel, Seats
5 Seats, Kms Driven
72,365 Kms, RTO
New Delhi, Ownership
First Owner, Engine Displacement
1582 cc, Transmission
Manual, Year of Manufacture
2015","Engine
1582 cc, Power
126.2 bhp, Transmission
Manual, Mileage
23.9 kmpl, Fuel
Diesel",ajmer
2018 Skoda Rapid 1.5 TDI Ambition BSIV,"₹7.75 Lakh
Compare","91,050 kms   •   Diesel   •   Manual","Registration Year
Sept 2018, Insurance
Third Party, Fuel Type
Diesel, Seats
5 Seats, Kms Driven
91,050 Kms, RTO
Jaipur, Ownership
First Owner, Engine Displacement
1498 cc, Transmission
Manual, Year of Manufacture
2018","Engine
1498 cc, Power
108.6 bhp, Transmission
Manual, Mileage
21.13 kmpl, Fuel
Diesel, No. of Airbags
2",ajmer
2010 Honda City 1.5 S MT,"₹1.60 Lakh
Compare","55,000 kms   •   Petrol   •   Manual","Registration Year
Feb 2010, Insurance
Comprehensive, Fuel Type
Petrol, Seats
5 Seats, Kms Driven
55,000 Kms, RTO
Kolkata, Ownership
Third Owner, Engine Displacement
1497 cc, Transmission
Manual, Year of Manufacture
2010","Engine
1497 cc, Transmission
Manual, Mileage
17 kmpl, Fuel
Petrol",ajmer
2014 Tata Safari Storme EX,"₹5.10 Lakh
Compare","90,000 kms   •   Diesel   •   Manual","Registration Year
Jul 2014, Insurance
Third Party, Fuel Type
Diesel, Seats
7 Seats, Kms Driven
90,000 Kms, RTO
Jaipur, Ownership
Third Owner, Engine Displacement
2179 cc, Transmission
Manual, Year of Manufacture
2014","Engine
2179 cc, Ground Clearance
200mm, Power
138.1 bhp, Seating Capacity
7, Drive Type
FWD, Mileage
14 kmpl",ajmer
2017 Toyota Innova Crysta 2.8 ZX AT BSIV,"₹14.50 Lakh
Compare","1,43,000 kms   •   Diesel   •   Automatic","Registration Year
Jan 2017, Insurance
Comprehensive, Fuel Type
Diesel, Seats
7 Seats, Kms Driven
1,43,000 Kms, RTO
Jaipur, Ownership
First Owner, Engine Displacement
2755 cc, Transmission
Automatic, Year of Manufacture
2017","Engine
2755 cc, Power
171.5 bhp, Seating Capacity
7, Transmission
Automatic, Fuel
Diesel, No. of Airbags
7",ajmer
2021 Mahindra Thar LX 4-Str Hard Top Diesel AT BSVI,"₹14.50 Lakh
Compare","86,000 kms   •   Diesel   •   Automatic","Registration Year
Jun 2021, Insurance
Comprehensive, Fuel Type
Diesel, Seats
4 Seats, Kms Driven
86,000 Kms, RTO
Jaipur, Ownership
First Owner, Engine Displacement
2184 cc, Transmission
Automatic, Year of Manufacture
2021","Engine
2184 cc, Ground Clearance
226mm, Power
130 bhp, Seating Capacity
4, Drive Type
4X4, Mileage
9 kmpl",ajmer
2012 Volkswagen Polo IPL II 1.2 Diesel Highline,"₹2.10 Lakh
Compare","1,05,000 kms   •   Diesel   •   Manual","Registration Year
May 2012, Insurance
Comprehensive, Fuel Type
Diesel, Seats
5 Seats, Kms Driven
1,05,000 Kms, RTO
bharatpur, Ownership
First Owner, Engine Displacement
1199 cc, Transmission
Manual, Year of Manufacture
2012","Engine
1199 cc, Power
73.9 bhp, Transmission
Manual, Mileage
22.07 kmpl, Fuel
Diesel, Length
3970mm",ajmer
2019 Hyundai Grand i10 1.2 Kappa Asta,"₹5.45 Lakh
Compare","50,000 kms   •   Petrol   •   Manual","Registration Year
Jul 2019, Insurance
Comprehensive, Fuel Type
Petrol, Seats
5 Seats, Kms Driven
50,000 Kms, RTO
Jaipur, Ownership
First Owner, Engine Displacement
1197 cc, Transmission
Manual, Year of Manufacture
2019","Engine
1197 cc, Power
81.86 bhp, Transmission
Manual, Mileage
18.9 kmpl, Fuel
Petrol, No. of Airbags
2",ajmer
2020 Maruti Alto 800 LXI,"₹3.85 Lakh
Compare","77,000 kms   •   Petrol   •   Manual","Registration Year
Aug 2020, Insurance
Third Party, Fuel Type
Petrol, Seats
5 Seats, Kms Driven
77,000 Kms, RTO
Jhunjhunu, Ownership
First Owner, Engine Displacement
796 cc, Transmission
Manual, Year of Manufacture
2020","Engine
796 cc, Power
47.33 bhp, Transmission
Manual, Mileage
22.05 kmpl, Fuel
Petrol, No. of Airbags
1",ajmer
2014 Maruti Swift Dzire LDI,"₹3.50 Lakh
Compare","82,000 kms   •   Diesel   •   Manual","Registration Year
Jan 2015, Insurance
Expired, Fuel Type
Diesel, Seats
5 Seats, Kms Driven
82,000 Kms, RTO
New Delhi, Ownership
Second Owner, Engine Displacement
1248 cc, Transmission
Manual, Year of Manufacture
2014","Engine
796 cc, Power
47.33 bhp, Transmission
Manual, Mileage
22.05 kmpl, Fuel
Petrol, No. of Airbags
1",ajmer
